Medal_ID,Medal_Name,Acronym,Slang,Service,Precedence,Category,Bong_Score,Ribbon_Link,Wiki_Link
us-army-moh,Medal of Honor (Army),MOH,Button,A,1,Valor,100,https://upload.wikimedia.org/wikipedia/commons/thumb/0/0e/Medal_of_Honor_ribbon.svg/1920px-Medal_of_Honor_ribbon.svg.png,https://en.wikipedia.org/wiki/Medal_of_Honor
us-navy-moh,Medal of Honor (Navy),MOH,Button,NM,2,Valor,100,https://upload.wikimedia.org/wikipedia/commons/thumb/0/0e/Medal_of_Honor_ribbon.svg/1920px-Medal_of_Honor_ribbon.svg.png,https://en.wikipedia.org/wiki/Medal_of_Honor
us-af-moh,Medal of Honor (AF),MOH,Button,F,3,Valor,100,https://upload.wikimedia.org/wikipedia/commons/thumb/0/0e/Medal_of_Honor_ribbon.svg/1920px-Medal_of_Honor_ribbon.svg.png,https://en.wikipedia.org/wiki/Medal_of_Honor
us-af-cross,Air Force Cross,AFC,Cross,F,4,Valor,100,https://upload.wikimedia.org/wikipedia/commons/thumb/4/49/Air_Force_Cross_ribbon.svg/1920px-Air_Force_Cross_ribbon.svg.png,https://en.wikipedia.org/wiki/Air_Force_Cross_(United_States)
us-dsc-army,Dist. Service Cross,DSC,Cross,A,5,Valor,100,https://upload.wikimedia.org/wikipedia/commons/thumb/0/06/Distinguished_Service_Cross_ribbon.svg/1920px-Distinguished_Service_Cross_ribbon.svg.png,https://en.wikipedia.org/wiki/Distinguished_Service_Cross_(United_States)
us-navy-cross,Navy Cross,NC,Cross,NM,6,Valor,100,https://upload.wikimedia.org/wikipedia/commons/thumb/3/3e/Navy_Cross_ribbon.svg/1920px-Navy_Cross_ribbon.svg.png,https://en.wikipedia.org/wiki/Navy_Cross
us-cg-cross,Coast Guard Cross,CGC,Cross,CG,7,Valor,100,https://upload.wikimedia.org/wikipedia/commons/e/e6/Coast_Guard_Cross_ribbon.png,https://en.wikipedia.org/wiki/Coast_Guard_Cross
us-dsm-def,Defense Dist. Svc Medal,DDSM,Defense DSM,ALL,8,Service,0,https://upload.wikimedia.org/wikipedia/commons/thumb/3/34/Defense_Distinguished_Service_Medal_ribbon.svg/1920px-Defense_Distinguished_Service_Medal_ribbon.svg.png,https://en.wikipedia.org/wiki/Defense_Distinguished_Service_Medal
us-dsm-army,Dist. Service Medal,DSM,DSM,A,9,Service,0,https://upload.wikimedia.org/wikipedia/commons/thumb/7/7d/U.S._Army_Distinguished_Service_Medal_ribbon.svg/1920px-U.S._Army_Distinguished_Service_Medal_ribbon.svg.png,https://en.wikipedia.org/wiki/Distinguished_Service_Medal_(U.S._Army)
us-silver-star,Silver Star,SS,Star,ALL,10,Valor,100,https://upload.wikimedia.org/wikipedia/commons/thumb/8/84/Silver_Star_Medal_ribbon.svg/1920px-Silver_Star_Medal_ribbon.svg.png,https://en.wikipedia.org/wiki/Silver_Star
us-dss-medal,Defense Superior Svc,DSSM,-,ALL,11,Service,0,https://upload.wikimedia.org/wikipedia/commons/thumb/d/d9/Defense_Superior_Service_Medal_ribbon.svg/1920px-Defense_Superior_Service_Medal_ribbon.svg.png,https://en.wikipedia.org/wiki/Defense_Superior_Service_Medal
us-lom-joint,Legion of Merit,LOM,LOM,ALL,12,Service,0,https://upload.wikimedia.org/wikipedia/commons/thumb/4/43/Legion_of_Merit_ribbon.svg/1920px-Legion_of_Merit_ribbon.svg.png,https://en.wikipedia.org/wiki/Legion_of_Merit
us-dfc-joint,Dist. Flying Cross,DFC,DFC,ALL,13,Valor,75,https://upload.wikimedia.org/wikipedia/commons/thumb/8/81/Distinguished_Flying_Cross_ribbon.svg/1920px-Distinguished_Flying_Cross_ribbon.svg.png,https://en.wikipedia.org/wiki/Distinguished_Flying_Cross_(United_States)
us-soldiers-m,Soldier's Medal,SM,-,A,14,Valor,75,https://upload.wikimedia.org/wikipedia/commons/thumb/e/e1/Soldier%27s_Medal_ribbon.svg/1920px-Soldier%27s_Medal_ribbon.svg.png,https://en.wikipedia.org/wiki/Soldier%27s_Medal
us-navy-mc-m,Navy & MC Medal,NMCM,-,NM,15,Valor,75,https://upload.wikimedia.org/wikipedia/commons/thumb/7/76/Navy_and_Marine_Corps_Medal_ribbon.svg/1920px-Navy_and_Marine_Corps_Medal_ribbon.svg.png,https://en.wikipedia.org/wiki/Navy_and_Marine_Corps_Medal
us-airmans-m,Airman's Medal,AM,-,F,16,Valor,75,https://upload.wikimedia.org/wikipedia/commons/thumb/2/21/Airman%27s_Medal_ribbon.svg/1920px-Airman%27s_Medal_ribbon.svg.png,https://en.wikipedia.org/wiki/Airman%27s_Medal
us-bronze-st,Bronze Star Medal,BSM,Bronze,ALL,17,Valor,75,https://upload.wikimedia.org/wikipedia/commons/thumb/9/95/Bronze_Star_Medal_ribbon.svg/1920px-Bronze_Star_Medal_ribbon.svg.png,https://en.wikipedia.org/wiki/Bronze_Star_Medal
us-purple-ht,Purple Heart,PH,Enemy Marksmanship,ALL,18,Valor,75,https://upload.wikimedia.org/wikipedia/commons/thumb/e/e3/Purple_Heart_ribbon.svg/1920px-Purple_Heart_ribbon.svg.png,https://en.wikipedia.org/wiki/Purple_Heart
us-dms-medal,Defense Meritorious Svc,DMSM,-,ALL,19,Service,0,https://upload.wikimedia.org/wikipedia/commons/thumb/5/56/Defense_Meritorious_Service_Medal_ribbon.svg/1920px-Defense_Meritorious_Service_Medal_ribbon.svg.png,https://en.wikipedia.org/wiki/Defense_Meritorious_Service_Medal
us-merit-svc,Meritorious Service Medal,MSM,-,ALL,20,Service,0,https://upload.wikimedia.org/wikipedia/commons/thumb/e/eb/Meritorious_Service_Medal_ribbon.svg/1920px-Meritorious_Service_Medal_ribbon.svg.png,https://en.wikipedia.org/wiki/Meritorious_Service_Medal_(United_States)
us-air-medal,Air Medal,AM,-,ALL,21,Valor,75,https://upload.wikimedia.org/wikipedia/commons/thumb/1/1a/Air_Medal_ribbon.svg/1920px-Air_Medal_ribbon.svg.png,https://en.wikipedia.org/wiki/Air_Medal
us-joint-comm,Joint Svc Commendation,JSCM,-,ALL,22,Service,0,https://upload.wikimedia.org/wikipedia/commons/thumb/a/ad/Joint_Service_Commendation_Medal_ribbon.svg/1920px-Joint_Service_Commendation_Medal_ribbon.svg.png,https://en.wikipedia.org/wiki/Commendation_Medal#Joint_Service
us-army-comm,Army Commendation,ARCOM,-,A,23,Service,0,https://upload.wikimedia.org/wikipedia/commons/thumb/3/3b/Army_Commendation_Medal_ribbon.svg/1920px-Army_Commendation_Medal_ribbon.svg.png,https://en.wikipedia.org/wiki/Commendation_Medal
us-navy-comm,Navy/MC Commendation,NAM,-,NM,24,Service,0,https://upload.wikimedia.org/wikipedia/commons/thumb/9/90/Navy_and_Marine_Corps_Commendation_Medal_ribbon.svg/1920px-Navy_and_Marine_Corps_Commendation_Medal_ribbon.svg.png,https://en.wikipedia.org/wiki/Commendation_Medal
cw-vc-joint,Victoria Cross,VC,Bong,ALL,25,Valor,75,https://upload.wikimedia.org/wikipedia/commons/thumb/e/eb/UK_Victoria_Cross_ribbon_bar.svg/1920px-UK_Victoria_Cross_ribbon_bar.svg.png,https://en.wikipedia.org/wiki/Victoria_Cross
cw-gc-joint,George Cross,GC,GC,ALL,26,Valor,75,https://upload.wikimedia.org/wikipedia/commons/thumb/7/77/UK_George_Cross_ribbon.svg/1920px-UK_George_Cross_ribbon.svg.png,https://en.wikipedia.org/wiki/George_Cross
can-cv-valor,Cross of Valour (CAN),CV,CV,CAN,27,Valor,75,https://upload.wikimedia.org/wikipedia/commons/thumb/a/a0/Cross_of_Valour_%28Canada%29_with_ribbon_bar.svg/1920px-Cross_of_Valour_%28Canada%29_with_ribbon_bar.svg.png,https://en.wikipedia.org/wiki/Cross_of_Valour_(Canada)
cw-om-joint,Order of Merit,OM,-,UK,28,Order,40,https://upload.wikimedia.org/wikipedia/commons/thumb/4/44/Gal%C3%B3_de_l%27Orde_del_M%C3%A8rit_%28UK%29.svg/1920px-Gal%C3%B3_de_l%27Orde_del_M%C3%A8rit_%28UK%29.svg.png,https://en.wikipedia.org/wiki/Order_of_Merit
cw-ch-joint,Order of Companions,CH,-,UK,29,Order,40,https://upload.wikimedia.org/wikipedia/commons/a/a0/Order_of_the_Companions_of_Honour_Ribbon.gif,https://en.wikipedia.org/wiki/Order_of_the_Companions_of_Honour
cw-dso-joint,Dist. Service Order,DSO,DSO,UK,30,Valor,75,https://upload.wikimedia.org/wikipedia/commons/thumb/c/cf/Dso-ribbon.svg/1920px-Dso-ribbon.svg.png,https://en.wikipedia.org/wiki/Distinguished_Service_Order
can-cc-ord,Order of Canada (Companion),CC,-,CAN,31,Order,40,https://upload.wikimedia.org/wikipedia/commons/thumb/9/91/CAN_Order_of_Canada_Companion_ribbon.svg/1920px-CAN_Order_of_Canada_Companion_ribbon.svg.png,https://en.wikipedia.org/wiki/Order_of_Canada
can-oc-ord,Order of Canada (Officer),OC,-,CAN,32,Order,30,https://upload.wikimedia.org/wikipedia/commons/thumb/8/8f/CAN_Order_of_Canada_Officer_ribbon.svg/1920px-CAN_Order_of_Canada_Officer_ribbon.svg.png,https://en.wikipedia.org/wiki/Order_of_Canada
can-cm-ord,Order of Canada (Member),CM,-,CAN,33,Order,20,https://upload.wikimedia.org/wikipedia/commons/thumb/b/bc/CAN_Order_of_Canada_Member_ribbon.svg/1920px-CAN_Order_of_Canada_Member_ribbon.svg.png,https://en.wikipedia.org/wiki/Order_of_Canada
cw-dsc-joint,Dist. Service Cross,DSC,DSC,UK,35,Valor,75,https://upload.wikimedia.org/wikipedia/commons/thumb/1/1a/UK_Distinguished_Service_Cross_BAR.svg/1920px-UK_Distinguished_Service_Cross_BAR.svg.png,https://en.wikipedia.org/wiki/Distinguished_Service_Cross_(United_Kingdom)
cw-mc-joint,Military Cross,MC,MC,UK,36,Valor,75,https://upload.wikimedia.org/wikipedia/commons/thumb/9/9b/Military_cross_BAR.svg/1920px-Military_cross_BAR.svg.png,https://en.wikipedia.org/wiki/Military_Cross
cw-dfc-joint,Dist. Flying Cross,DFC,DFC,UK,37,Valor,75,https://upload.wikimedia.org/wikipedia/commons/thumb/a/a1/United_Kingdom_Distinguished_Flying_Cross_ribbon.svg/1920px-United_Kingdom_Distinguished_Flying_Cross_ribbon.svg.png,https://en.wikipedia.org/wiki/Distinguished_Flying_Cross_(United_Kingdom)
cw-afc-joint,Air Force Cross,AFC,AFC,UK,38,Valor,75,https://upload.wikimedia.org/wikipedia/commons/thumb/7/7a/UK_AFC_ribbon.svg/1920px-UK_AFC_ribbon.svg.png,https://en.wikipedia.org/wiki/Air_Force_Cross_(United_Kingdom)
can-omm-ord,Order of Military Merit (C),CMM,-,CAN,39,Order,40,https://upload.wikimedia.org/wikipedia/commons/thumb/a/ad/CAN_Order_of_Military_Merit_Commander_ribbon.svg/1920px-CAN_Order_of_Military_Merit_Commander_ribbon.svg.png,https://en.wikipedia.org/wiki/Order_of_Military_Merit_(Canada)
can-sc-valor,Star of Courage (CAN),SC,-,CAN,40,Valor,75,https://upload.wikimedia.org/wikipedia/commons/thumb/5/55/CAN_Star_of_Courage_BAR.svg/1920px-CAN_Star_of_Courage_BAR.svg.png,https://en.wikipedia.org/wiki/Star_of_Courage_(Canada)
cw-dcm-joint,Dist. Conduct Medal,DCM,-,UK,41,Valor,75,https://upload.wikimedia.org/wikipedia/commons/thumb/5/56/UK_Distinguished_Conduct_Medal_ribbon.svg/1920px-UK_Distinguished_Conduct_Medal_ribbon.svg.png,https://en.wikipedia.org/wiki/Distinguished_Conduct_Medal
cw-cgm-joint,Conspicuous Gallantry,CGM,-,UK,42,Valor,75,https://upload.wikimedia.org/wikipedia/commons/2/2d/Ribbon_-_Conspicuous_Gallantry_Medal.png,https://en.wikipedia.org/wiki/Conspicuous_Gallantry_Medal
cw-gm-joint,George Medal,GM,-,UK,43,Valor,75,https://upload.wikimedia.org/wikipedia/commons/thumb/b/bb/UK_George_Medal_ribbon.svg/1920px-UK_George_Medal_ribbon.svg.png,https://en.wikipedia.org/wiki/George_Medal
cw-dsm-navy,Dist. Service Medal,DSM,-,UK-N,44,Valor,75,https://upload.wikimedia.org/wikipedia/commons/thumb/3/39/UK_Distinguished_Service_Medal_ribbon.svg/1920px-UK_Distinguished_Service_Medal_ribbon.svg.png,https://en.wikipedia.org/wiki/Distinguished_Service_Medal_(United_Kingdom)
cw-mm-army,Military Medal,MM,-,UK-A,45,Valor,75,https://upload.wikimedia.org/wikipedia/commons/thumb/e/e5/UK_Military_Medal_ribbon.svg/1920px-UK_Military_Medal_ribbon.svg.png,https://en.wikipedia.org/wiki/Military_Medal
cw-dfm-af,Dist. Flying Medal,DFM,-,UK-F,46,Valor,75,https://upload.wikimedia.org/wikipedia/commons/thumb/5/5f/Distinguished_Flying_Medal_ribbon.svg/1920px-Distinguished_Flying_Medal_ribbon.svg.png,https://en.wikipedia.org/wiki/Distinguished_Flying_Medal
cw-afm-af,Air Force Medal,AFM,-,UK-F,47,Valor,75,https://upload.wikimedia.org/wikipedia/commons/b/b3/Ribbon_-_Air_Force_Medal.png,https://en.wikipedia.org/wiki/Air_Force_Medal
cw-qgm-joint,Queen's Gallantry Medal,QGM,-,UK,48,Valor,75,https://upload.wikimedia.org/wikipedia/commons/e/ed/Queens_Gallantry_Medal_UK_ribbon.png,https://en.wikipedia.org/wiki/Queen%27s_Gallantry_Medal
can-mb-valor,Medal of Bravery (CAN),MB,-,CAN,50,Valor,75,https://upload.wikimedia.org/wikipedia/commons/thumb/f/f0/CAN_Medal_of_Bravery_BAR.svg/1920px-CAN_Medal_of_Bravery_BAR.svg.png,https://en.wikipedia.org/wiki/Medal_of_Bravery_(Canada)
can-omm-off,Order of Mil. Merit (Off),OMM,-,CAN,51,Order,40,https://upload.wikimedia.org/wikipedia/commons/thumb/a/ad/CAN_Order_of_Military_Merit_Commander_ribbon.svg/1920px-CAN_Order_of_Military_Merit_Commander_ribbon.svg.png,https://en.wikipedia.org/wiki/Order_of_Military_Merit_(Canada)
can-omm-mem,Order of Mil. Merit (Mem),MMM,-,CAN,52,Order,40,https://upload.wikimedia.org/wikipedia/commons/thumb/a/ad/CAN_Order_of_Military_Merit_Commander_ribbon.svg/1920px-CAN_Order_of_Military_Merit_Commander_ribbon.svg.png,https://en.wikipedia.org/wiki/Order_of_Military_Merit_(Canada)
cw-be-cbe,Order of Brit. Empire (C),CBE,-,UK,55,Order,40,https://upload.wikimedia.org/wikipedia/commons/thumb/a/a5/Order_of_the_British_Empire_%28Civil%29_Ribbon.svg/1920px-Order_of_the_British_Empire_%28Civil%29_Ribbon.svg.png,https://en.wikipedia.org/wiki/Order_of_the_British_Empire
cw-be-obe,Order of Brit. Empire (O),OBE,-,UK,60,Order,40,https://upload.wikimedia.org/wikipedia/commons/thumb/f/fe/Order_of_the_British_Empire_%28Military%29_Ribbon.svg/1920px-Order_of_the_British_Empire_%28Military%29_Ribbon.svg.png,https://en.wikipedia.org/wiki/Order_of_the_British_Empire
cw-be-mbe,Order of Brit. Empire (M),MBE,-,UK,65,Order,40,https://upload.wikimedia.org/wikipedia/commons/thumb/f/fe/Order_of_the_British_Empire_%28Military%29_Ribbon.svg/1920px-Order_of_the_British_Empire_%28Military%29_Ribbon.svg.png,https://en.wikipedia.org/wiki/Order_of_the_British_Empire
cw-rrc-1,Royal Red Cross (Class I),RRC,-,UK,68,Order,40,https://upload.wikimedia.org/wikipedia/commons/5/52/Royal_Red_Cross_%28UK%29_ribbon.png,https://en.wikipedia.org/wiki/Royal_Red_Cross
cw-rrc-2,Royal Red Cross (Class II),ARRC,-,UK,69,Order,40,https://upload.wikimedia.org/wikipedia/commons/5/52/Royal_Red_Cross_%28UK%29_ribbon.png,https://en.wikipedia.org/wiki/Royal_Red_Cross
us-dsm-af,Dist. Service Medal (AF),DSM,-,F,70,Service,0,https://upload.wikimedia.org/wikipedia/commons/thumb/7/7d/U.S._Army_Distinguished_Service_Medal_ribbon.svg/1920px-U.S._Army_Distinguished_Service_Medal_ribbon.svg.png,https://www.google.com/search?q=https://en.wikipedia.org/wiki/Distinguished_Service_Medal_(U.S._Air_Force)
us-dsm-cg,Dist. Service Medal (CG),DSM,-,CG,71,Service,0,https://upload.wikimedia.org/wikipedia/commons/thumb/7/7d/U.S._Army_Distinguished_Service_Medal_ribbon.svg/1920px-U.S._Army_Distinguished_Service_Medal_ribbon.svg.png,https://www.google.com/search?q=https://en.wikipedia.org/wiki/Distinguished_Service_Medal_(U.S._Coast_Guard)
us-dss-medal,Defense Superior Svc,DSSM,-,ALL,72,Service,0,https://upload.wikimedia.org/wikipedia/commons/thumb/d/d9/Defense_Superior_Service_Medal_ribbon.svg/1920px-Defense_Superior_Service_Medal_ribbon.svg.png,https://en.wikipedia.org/wiki/Defense_Superior_Service_Medal
us-lom-joint,Legion of Merit,LOM,LOM,ALL,73,Service,0,https://upload.wikimedia.org/wikipedia/commons/thumb/4/43/Legion_of_Merit_ribbon.svg/1920px-Legion_of_Merit_ribbon.svg.png,https://en.wikipedia.org/wiki/Legion_of_Merit
us-dfc-joint,Dist. Flying Cross,DFC,DFC,ALL,74,Valor,75,https://upload.wikimedia.org/wikipedia/commons/thumb/8/81/Distinguished_Flying_Cross_ribbon.svg/1920px-Distinguished_Flying_Cross_ribbon.svg.png,https://en.wikipedia.org/wiki/Distinguished_Flying_Cross_(United_States)
us-air-medal,Air Medal,AM,-,ALL,75,Valor,75,https://upload.wikimedia.org/wikipedia/commons/thumb/1/1a/Air_Medal_ribbon.svg/1920px-Air_Medal_ribbon.svg.png,https://en.wikipedia.org/wiki/Air_Medal
us-aerial-ach,Aerial Achievement Medal,AAM,-,F,76,Service,0,https://upload.wikimedia.org/wikipedia/commons/thumb/0/0e/Aerial_Achievement_Medal_ribbon.svg/1920px-Aerial_Achievement_Medal_ribbon.svg.png,https://en.wikipedia.org/wiki/Aerial_Achievement_Medal
us-com-joint,Joint Svc Commendation,JSCM,-,ALL,80,Service,0,https://upload.wikimedia.org/wikipedia/commons/thumb/a/ad/Joint_Service_Commendation_Medal_ribbon.svg/1920px-Joint_Service_Commendation_Medal_ribbon.svg.png,https://en.wikipedia.org/wiki/Joint_Service_Commendation_Medal
us-com-army,Army Commendation,ARCOM,-,A,81,Service,0,https://upload.wikimedia.org/wikipedia/commons/thumb/3/3b/Army_Commendation_Medal_ribbon.svg/1920px-Army_Commendation_Medal_ribbon.svg.png,https://en.wikipedia.org/wiki/Commendation_Medal
,Navy/MC Commendation,NAM,-,NM,82,Service,0,https://upload.wikimedia.org/wikipedia/commons/thumb/9/90/Navy_and_Marine_Corps_Commendation_Medal_ribbon.svg/1920px-Navy_and_Marine_Corps_Commendation_Medal_ribbon.svg.png,https://en.wikipedia.org/wiki/Commendation_Medal
us-com-af,AF Commendation,AFCM,-,F,83,Service,0,https://upload.wikimedia.org/wikipedia/commons/thumb/6/68/Air_and_Space_Commendation_Medal_ribbon.svg/1920px-Air_and_Space_Commendation_Medal_ribbon.svg.png,https://en.wikipedia.org/wiki/Commendation_Medal
us-com-cg,CG Commendation,CGCM,-,CG,84,Service,0,https://upload.wikimedia.org/wikipedia/commons/thumb/a/ad/Joint_Service_Commendation_Medal_ribbon.svg/1920px-Joint_Service_Commendation_Medal_ribbon.svg.png,https://en.wikipedia.org/wiki/Commendation_Medal
us-ach-joint,Joint Svc Achievement,JSAM,-,ALL,85,Service,0,https://upload.wikimedia.org/wikipedia/commons/thumb/2/2f/Army_Achievement_Medal_ribbon.svg/1920px-Army_Achievement_Medal_ribbon.svg.png,https://en.wikipedia.org/wiki/Achievement_Medal
us-ach-army,Army Achievement,AAM,-,A,86,Service,0,https://upload.wikimedia.org/wikipedia/commons/thumb/7/7d/Navy_and_Marine_Corps_Achievement_Medal_ribbon.svg/1920px-Navy_and_Marine_Corps_Achievement_Medal_ribbon.svg.png,https://en.wikipedia.org/wiki/Achievement_Medal
cw-14-star,1914 Star,-,Mons Star,UK/CAN,90,Campaign,0,https://upload.wikimedia.org/wikipedia/commons/d/da/Ribbon_-_1914_Star.png,https://en.wikipedia.org/wiki/1914_Star
cw-15-star,1914-15 Star,-,-,UK/CAN,91,Campaign,0,https://upload.wikimedia.org/wikipedia/commons/thumb/9/9d/1914_Star_BAR.svg/1920px-1914_Star_BAR.svg.png,https://en.wikipedia.org/wiki/1914%E2%80%9315_Star
cw-bwm-ww1,British War Medal,BWM,-,UK/CAN,92,Campaign,0,https://upload.wikimedia.org/wikipedia/commons/thumb/9/99/British_War_Medal_BAR.svg/1920px-British_War_Medal_BAR.svg.png,https://en.wikipedia.org/wiki/British_War_Medal
cw-vic-ww1,Victory Medal (WWI),-,-,UK/CAN,93,Campaign,0,https://upload.wikimedia.org/wikipedia/commons/8/81/Ribbon_-_Victory_Medal.png,https://en.wikipedia.org/wiki/Victory_Medal_(United_Kingdom)
us-vic-ww1,WWI Victory Medal,-,-,ALL,94,Campaign,0,https://upload.wikimedia.org/wikipedia/commons/thumb/b/b6/World_War_I_Victory_Medal_ribbon.svg/1920px-World_War_I_Victory_Medal_ribbon.svg.png,https://en.wikipedia.org/wiki/World_War_I_Victory_Medal_(United_States)
us-army-occ1,Army of Occ. (Germany),-,-,A,95,Campaign,0,https://upload.wikimedia.org/wikipedia/commons/thumb/2/23/Army_of_Occupation_of_Germany_ribbon.svg/1920px-Army_of_Occupation_of_Germany_ribbon.svg.png,https://en.wikipedia.org/wiki/Army_of_Occupation_of_Germany_Medal
cw-39-star,1939-1945 Star,-,-,UK/CAN,96,Campaign,0,https://upload.wikimedia.org/wikipedia/commons/3/32/Ribbon_-_1939-45_Star.png,https://en.wikipedia.org/wiki/1939%E2%80%931945_Star
cw-atl-star,Atlantic Star,-,-,UK/CAN,97,Campaign,0,https://upload.wikimedia.org/wikipedia/commons/1/17/Ribbon_-_Atlantic_Star.png,https://en.wikipedia.org/wiki/Atlantic_Star
cw-ace-star,Air Crew Europe Star,-,-,UK/CAN,98,Campaign,0,https://upload.wikimedia.org/wikipedia/commons/3/32/Ribbon_-_Air_Crew_Europe_Star.png,https://en.wikipedia.org/wiki/Air_Crew_Europe_Star
cw-afr-star,Africa Star,-,-,UK/CAN,99,Campaign,0,https://upload.wikimedia.org/wikipedia/commons/d/db/Ribbon_-_Africa_Star.png,https://en.wikipedia.org/wiki/Africa_Star
cw-pac-star,Pacific Star,-,-,UK/CAN,100,Campaign,0,https://upload.wikimedia.org/wikipedia/commons/thumb/1/10/Pacific_Star_BAR.svg/1920px-Pacific_Star_BAR.svg.png,https://en.wikipedia.org/wiki/Pacific_Star
cw-bur-star,Burma Star,-,The Jungle Star,UK/CAN,101,Campaign,0,https://upload.wikimedia.org/wikipedia/commons/1/1b/Ribbon_-_Burma_Star.png,https://en.wikipedia.org/wiki/Burma_Star
cw-ita-star,Italy Star,-,-,UK/CAN,102,Campaign,0,https://upload.wikimedia.org/wikipedia/commons/thumb/f/fd/Italy_Star_1945.png/1920px-Italy_Star_1945.png,https://en.wikipedia.org/wiki/Italy_Star
cw-fg-star,France & Germany Star,-,F&G Star,UK/CAN,103,Campaign,0,https://upload.wikimedia.org/wikipedia/commons/thumb/e/e3/France_and_Germany_Star_BAR.svg/1920px-France_and_Germany_Star_BAR.svg.png,https://en.wikipedia.org/wiki/France_and_Germany_Star
cw-def-med,Defence Medal,-,-,UK/CAN,110,Campaign,0,https://upload.wikimedia.org/wikipedia/commons/thumb/6/6f/Defence_Medal_BAR.svg/1920px-Defence_Medal_BAR.svg.png,https://en.wikipedia.org/wiki/Defence_Medal_(United_Kingdom)
cw-war-med,War Medal 1939-1945,-,-,UK/CAN,111,Campaign,0,https://upload.wikimedia.org/wikipedia/commons/thumb/f/f1/War_Medal_39-45_BAR.svg/1920px-War_Medal_39-45_BAR.svg.png,https://en.wikipedia.org/wiki/War_Medal_1939%E2%80%931945
can-vol-svc,Cdn. Volunteer Svc Medal,CVSM,-,CAN,112,Campaign,0,https://upload.wikimedia.org/wikipedia/commons/thumb/b/be/Canadian_Volunteer_Service_Medal_BAR.svg/1920px-Canadian_Volunteer_Service_Medal_BAR.svg.png,https://en.wikipedia.org/wiki/Canadian_Volunteer_Service_Medal
us-n-def-svc,National Defense Svc,NDSM,The Firewatch,ALL,120,Campaign,0,https://upload.wikimedia.org/wikipedia/commons/thumb/0/0d/National_Defense_Service_Medal_ribbon.svg/1920px-National_Defense_Service_Medal_ribbon.svg.png,https://en.wikipedia.org/wiki/National_Defense_Service_Medal
us-kor-svc,Korean Service Medal,KSM,-,ALL,121,Campaign,0,https://upload.wikimedia.org/wikipedia/commons/thumb/e/ef/Korean_Service_Medal_ribbon.svg/1920px-Korean_Service_Medal_ribbon.svg.png,https://en.wikipedia.org/wiki/Korean_Service_Medal
cw-kor-med,Korea Medal (CW),-,-,UK/CAN,122,Campaign,0,https://upload.wikimedia.org/wikipedia/commons/thumb/f/f1/Korea_Medal.svg/1920px-Korea_Medal.svg.png,https://en.wikipedia.org/wiki/Korea_Medal
cw-un-kor,UN Korea Medal,-,-,ALL,123,Foreign,20,https://upload.wikimedia.org/wikipedia/commons/thumb/d/d5/United_Nations_Service_Medal_Korea_ribbon.svg/1920px-United_Nations_Service_Medal_Korea_ribbon.svg.png,https://en.wikipedia.org/wiki/United_Nations_Service_Medal_Korea
us-ant-svc,Antarctica Service,-,-,ALL,130,Campaign,0,https://upload.wikimedia.org/wikipedia/commons/thumb/5/57/Antarctica_Service_Medal_ribbon.svg/1920px-Antarctica_Service_Medal_ribbon.svg.png,https://en.wikipedia.org/wiki/Antarctica_Service_Medal
us-af-exped,Armed Forces Exped.,AFEM,-,ALL,140,Campaign,0,https://upload.wikimedia.org/wikipedia/commons/thumb/5/51/Armed_Forces_Expeditionary_Medal_ribbon.svg/1920px-Armed_Forces_Expeditionary_Medal_ribbon.svg.png,https://en.wikipedia.org/wiki/Armed_Forces_Expeditionary_Medal
us-vnm-svc,Vietnam Service Medal,VSM,-,ALL,150,Campaign,0,https://upload.wikimedia.org/wikipedia/commons/thumb/5/54/Vietnam_Service_Medal_ribbon.svg/1920px-Vietnam_Service_Medal_ribbon.svg.png,https://en.wikipedia.org/wiki/Vietnam_Service_Medal
us-sw-asia,Southwest Asia Service,SWASM,-,ALL,160,Campaign,0,https://upload.wikimedia.org/wikipedia/commons/thumb/2/2b/Southwest_Asia_Service_Medal_ribbon.svg/1920px-Southwest_Asia_Service_Medal_ribbon.svg.png,https://en.wikipedia.org/wiki/Southwest_Asia_Service_Medal
can-sw-asia,SW Asia Service (CAN),SWASM,-,CAN,161,Campaign,0,https://upload.wikimedia.org/wikipedia/commons/f/f3/SWASM_Ribbon.png,https://en.wikipedia.org/wiki/South-West_Asia_Service_Medal
us-kos-camp,Kosovo Campaign,-,-,ALL,170,Campaign,0,https://upload.wikimedia.org/wikipedia/commons/thumb/e/eb/Kosovo_Campaign_Medal_ribbon.svg/1920px-Kosovo_Campaign_Medal_ribbon.svg.png,https://en.wikipedia.org/wiki/Kosovo_Campaign_Medal
us-afg-camp,Afghanistan Campaign,ACM,-,ALL,180,Campaign,0,https://upload.wikimedia.org/wikipedia/commons/thumb/0/0f/Afghanistan_Campaign_Medal_ribbon.svg/1920px-Afghanistan_Campaign_Medal_ribbon.svg.png,https://en.wikipedia.org/wiki/Afghanistan_Campaign_Medal
us-irq-camp,Iraq Campaign Medal,ICM,-,ALL,181,Campaign,0,https://upload.wikimedia.org/wikipedia/commons/thumb/c/c1/Iraq_Campaign_Medal_ribbon.svg/1920px-Iraq_Campaign_Medal_ribbon.svg.png,https://en.wikipedia.org/wiki/Iraq_Campaign_Medal
us-gwot-exp,GWOT Expeditionary,GWOT-E,-,ALL,190,Campaign,0,https://upload.wikimedia.org/wikipedia/commons/thumb/6/6b/Global_War_on_Terrorism_Expeditionary_Medal_ribbon.svg/1920px-Global_War_on_Terrorism_Expeditionary_Medal_ribbon.svg.png,https://en.wikipedia.org/wiki/Global_War_on_Terrorism_Expeditionary_Medal
us-gwot-svc,GWOT Service Medal,GWOT-S,-,ALL,191,Campaign,0,https://upload.wikimedia.org/wikipedia/commons/thumb/e/e2/Global_War_on_Terrorism_Service_Medal_ribbon.svg/1920px-Global_War_on_Terrorism_Service_Medal_ribbon.svg.png,https://en.wikipedia.org/wiki/Global_War_on_Terrorism_Service_Medal
us-hum-svc,Humanitarian Service,HSM,-,ALL,195,Service,0,https://upload.wikimedia.org/wikipedia/commons/thumb/2/26/Humanitarian_Service_Medal_ribbon.svg/1920px-Humanitarian_Service_Medal_ribbon.svg.png,https://en.wikipedia.org/wiki/Humanitarian_Service_Medal
us-af-svc,Armed Forces Service,AFSM,-,ALL,200,Service,0,https://upload.wikimedia.org/wikipedia/commons/thumb/c/c2/Armed_Forces_Service_Medal_ribbon.svg/1920px-Armed_Forces_Service_Medal_ribbon.svg.png,https://en.wikipedia.org/wiki/Armed_Forces_Service_Medal
us-army-gcm,Army Good Conduct,GCM,Clean Sleeve,A,201,Service,0,https://upload.wikimedia.org/wikipedia/commons/thumb/3/36/Army_Good_Conduct_Medal_ribbon.svg/1920px-Army_Good_Conduct_Medal_ribbon.svg.png,https://en.wikipedia.org/wiki/Good_Conduct_Medal_(United_States)
us-navy-gcm,Navy Good Conduct,NGCM,Clean Sleeve,N,202,Service,0,https://upload.wikimedia.org/wikipedia/commons/thumb/a/ac/U.S._Navy_Good_Conduct_Medal_ribbon.svg/1920px-U.S._Navy_Good_Conduct_Medal_ribbon.svg.png,https://en.wikipedia.org/wiki/Good_Conduct_Medal_(United_States)
us-mc-gcm,Marine Corps Good Conduct,MCGCM,Clean Sleeve,M,203,Service,0,https://upload.wikimedia.org/wikipedia/commons/thumb/4/40/U.S._Marine_Corps_Good_Conduct_Medal_ribbon.svg/1920px-U.S._Marine_Corps_Good_Conduct_Medal_ribbon.svg.png,https://en.wikipedia.org/wiki/Good_Conduct_Medal_(United_States)
us-af-gcm,Air Force Good Conduct,AFGCM,Clean Sleeve,F,204,Service,0,https://upload.wikimedia.org/wikipedia/commons/thumb/3/36/U.S._Air_Force_Good_Conduct_Medal_ribbon.svg/1920px-U.S._Air_Force_Good_Conduct_Medal_ribbon.svg.png,https://en.wikipedia.org/wiki/Good_Conduct_Medal_(United_States)
us-cg-gcm,Coast Guard Good Conduct,CGGCM,Clean Sleeve,CG,205,Service,0,https://upload.wikimedia.org/wikipedia/commons/thumb/8/8e/U.S._Coast_Guard_Good_Conduct_Medal_ribbon.svg/1920px-U.S._Coast_Guard_Good_Conduct_Medal_ribbon.svg.png,https://en.wikipedia.org/wiki/Good_Conduct_Medal_(United_States)
us-ar-achieve,Army Reserve Achievement,ARCAM,-,A-Res,206,Service,0,https://upload.wikimedia.org/wikipedia/commons/thumb/6/64/U.S._Army_Reserve_Components_Achievement_Medal_ribbon.svg/1920px-U.S._Army_Reserve_Components_Achievement_Medal_ribbon.svg.png,https://en.wikipedia.org/wiki/Army_Reserve_Components_Achievement_Medal
us-af-res-ach,AF Reserve Achievement,AFRM,-,F-Res,207,Service,0,https://upload.wikimedia.org/wikipedia/commons/thumb/5/58/Armed_Forces_Reserve_Medal_ribbon.svg/1920px-Armed_Forces_Reserve_Medal_ribbon.svg.png,https://en.wikipedia.org/wiki/Armed_Forces_Reserve_Medal
us-n-mc-res,Navy/MC Reserve Medal,NRRM,-,NM-Res,208,Service,0,https://upload.wikimedia.org/wikipedia/commons/thumb/f/f7/Naval_Reserve_Meritorious_Service_Medal_ribbon.svg/1920px-Naval_Reserve_Meritorious_Service_Medal_ribbon.svg.png,https://en.wikipedia.org/wiki/Naval_Reserve_Meritorious_Service_Medal
can-cd-svc,Cdn. Forces Decoration,CD,-,CAN,210,Service,0,https://upload.wikimedia.org/wikipedia/commons/thumb/e/eb/CAN_Canadian_Forces_Decoration_ribbon.svg/1920px-CAN_Canadian_Forces_Decoration_ribbon.svg.png,https://en.wikipedia.org/wiki/Canadian_Forces%27_Decoration
cw-lsgc-army,Army LS&GC Medal,LSGC,-,UK-A,211,Service,0,https://upload.wikimedia.org/wikipedia/commons/9/93/Ribbon_-_Medal_for_Long_Service_and_Good_Conduct_%28Military%29.png,https://en.wikipedia.org/wiki/Army_Long_Service_and_Good_Conduct_Medal
cw-lsgc-navy,Naval LS&GC Medal,LSGC,-,UK-N,212,Service,0,https://upload.wikimedia.org/wikipedia/commons/6/6b/Ribbon_-_Naval_Long_Service_and_Good_Conduct_Medal_v3.png,https://en.wikipedia.org/wiki/Naval_Long_Service_and_Good_Conduct_Medal_(1848)
cw-lsgc-af,AF LS&GC Medal,LSGC,-,UK-F,213,Service,0,https://upload.wikimedia.org/wikipedia/commons/7/7a/Ribbon_-_Royal_Air_Force_Long_Service_and_Good_Conduct_Medal.png,https://en.wikipedia.org/wiki/Royal_Air_Force_Long_Service_and_Good_Conduct_Medal
us-puc-army,Presidential Unit (Army),PUC,-,A,225,Unit,0,https://upload.wikimedia.org/wikipedia/commons/thumb/9/94/U.S._Army_and_U.S._Air_Force_Presidential_Unit_Citation_ribbon.svg/1920px-U.S._Army_and_U.S._Air_Force_Presidential_Unit_Citation_ribbon.svg.png,https://en.wikipedia.org/wiki/Presidential_Unit_Citation_(United_States
us-puc-navy,Presidential Unit (Navy),PUC,-,NM,226,Unit,0,https://upload.wikimedia.org/wikipedia/commons/thumb/9/94/U.S._Army_and_U.S._Air_Force_Presidential_Unit_Citation_ribbon.svg/1920px-U.S._Army_and_U.S._Air_Force_Presidential_Unit_Citation_ribbon.svg.png,https://en.wikipedia.org/wiki/Presidential_Unit_Citation_(United_States
us-vua-army,Valorous Unit Award,VUA,-,A,227,Unit,0,https://upload.wikimedia.org/wikipedia/commons/thumb/5/5a/Valorous_Unit_Award_ribbon.svg/1920px-Valorous_Unit_Award_ribbon.svg.png,https://en.wikipedia.org/wiki/Valorous_Unit_Award
us-merit-unit,Meritorious Unit (Army),MUC,-,A,228,Unit,0,https://upload.wikimedia.org/wikipedia/commons/thumb/d/d3/Meritorious_Unit_Commendation_ribbon.svg/1920px-Meritorious_Unit_Commendation_ribbon.svg.png,https://en.wikipedia.org/wiki/Meritorious_Unit_Commendation
us-ng-merit,NG Bureau Medal of Merit,-,-,NG,230,State,0,https://en.wikipedia.org/wiki/National_Guard_Bureau_Medal_of_Merit#/media/File:National_Guard_Bureau_Medal_of_Merit_ribbon.svg,https://en.wikipedia.org/wiki/National_Guard_Bureau_Medal_of_Merit
cw-jubilee-77,QEII Silver Jubilee,-,-,ALL,235,Jubilee,0,https://en.wikipedia.org/wiki/Queen_Elizabeth_II_Silver_Jubilee_Medal#/media/File:Queen_Elizabeth_II_Silver_Jubilee_Medal_ribbon.svg,https://en.wikipedia.org/wiki/Queen_Elizabeth_II_Silver_Jubilee_Medal
cw-jubilee-02,QEII Golden Jubilee,-,-,ALL,236,Jubilee,0,https://en.wikipedia.org/wiki/Queen_Elizabeth_II_Golden_Jubilee_Medal#/media/File:Queen_Elizabeth_II_Golden_Jubilee_Medal_ribbon.svg,https://en.wikipedia.org/wiki/Queen_Elizabeth_II_Golden_Jubilee_Medal
cw-jubilee-12,QEII Diamond Jubilee,-,-,ALL,237,Jubilee,0,https://en.wikipedia.org/wiki/Queen_Elizabeth_II_Diamond_Jubilee_Medal#/media/File:Queen_Elizabeth_II_Diamond_Jubilee_Medal_ribbon.svg,https://en.wikipedia.org/wiki/Queen_Elizabeth_II_Diamond_Jubilee_Medal
cw-jubilee-22,QEII Platinum Jubilee,-,-,ALL,238,Jubilee,0,https://en.wikipedia.org/wiki/Queen_Elizabeth_II_Platinum_Jubilee_Medal#/media/File:Queen_Elizabeth_II_Platinum_Jubilee_Medal_ribbon.svg,https://en.wikipedia.org/wiki/Queen_Elizabeth_II_Platinum_Jubilee_Medal
cw-coron-23,King Charles III Coron.,-,-,ALL,239,Jubilee,0,https://en.wikipedia.org/wiki/King_Charles_III_Coronation_Medal#/media/File:King_Charles_III_Coronation_Medal_ribbon.svg,https://en.wikipedia.org/wiki/King_Charles_III_Coronation_Medal
int-nato-fy,NATO Medal (Yugoslavia),NATO,-,ALL,240,Foreign,20,https://en.wikipedia.org/wiki/NATO_Medal#/media/File:NATO_Medal_ribbon.svg,https://en.wikipedia.org/wiki/NATO_Medal
int-un-gen,UN Medal (Generic),UN,-,ALL,250,Foreign,20,https://en.wikipedia.org/wiki/United_Nations_Medal#/media/File:UN_Medal_ribbon.svg,https://en.wikipedia.org/wiki/United_Nations_Medal
cw-jubilee-35,King George V Silver Jubilee,-,-,ALL,251,Jubilee,0,https://en.wikipedia.org/wiki/King_George_V_Silver_Jubilee_Medal#/media/File:King_George_V_Silver_Jubilee_Medal_ribbon.svg,https://en.wikipedia.org/wiki/King_George_V_Silver_Jubilee_Medal
cw-coron-37,King George VI Coronation,-,-,ALL,252,Jubilee,0,https://en.wikipedia.org/wiki/King_George_VI_Coronation_Medal#/media/File:King_George_VI_Coronation_Medal_ribbon.svg,https://en.wikipedia.org/wiki/King_George_VI_Coronation_Medal
cw-coron-53,QEII Coronation Medal,-,-,ALL,253,Jubilee,0,https://en.wikipedia.org/wiki/Queen_Elizabeth_II_Coronation_Medal#/media/File:Queen_Elizabeth_II_Coronation_Medal_ribbon.svg,https://en.wikipedia.org/wiki/Queen_Elizabeth_II_Coronation_Medal
can-125-anniv,Confederation 125 Medal,-,-,CAN,260,Commem,0,https://en.wikipedia.org/wiki/125th_Anniversary_of_the_Confederation_of_Canada_Medal#/media/File:125th_Anniversary_of_the_Confederation_of_Canada_Medal_ribbon.svg,https://en.wikipedia.org/wiki/125th_Anniversary_of_the_Confederation_of_Canada_Medal
can-cent-med,Canadian Centennial Medal,-,-,CAN,261,Commem,0,https://en.wikipedia.org/wiki/Canadian_Centennial_Medal#/media/File:Canadian_Centennial_Medal_ribbon.svg,https://en.wikipedia.org/wiki/Canadian_Centennial_Medal
us-lib-kuwait,Kuwait Liberation (Saudi),-,-,ALL,270,Foreign,20,https://en.wikipedia.org/wiki/Kuwait_Liberation_Medal_(Saudi_Arabia)#/media/File:Kuwait_Liberation_Medal_(Saudi_Arabia)_ribbon.svg,https://en.wikipedia.org/wiki/Kuwait_Liberation_Medal_(Saudi_Arabia
us-lib-kuw-k,Kuwait Liberation (Kuwait),-,-,ALL,271,Foreign,20,https://en.wikipedia.org/wiki/Kuwait_Liberation_Medal_(Kuwait)#/media/File:Kuwait_Liberation_Medal_(Kuwait)_ribbon.svg,https://en.wikipedia.org/wiki/Kuwait_Liberation_Medal_(Kuwait
int-mfo-medal,MFO Sinai Medal,MFO,-,ALL,275,Foreign,20,https://en.wikipedia.org/wiki/Multinational_Force_and_Observers_Medal#/media/File:Multinational_Force_and_Observers_Medal_ribbon.svg,https://en.wikipedia.org/wiki/Multinational_Force_and_Observers_Medal
int-oas-inter,OAS Inter-American Defense,-,-,ALL,280,Foreign,20,https://en.wikipedia.org/wiki/Inter-American_Defense_Board_Medal#/media/File:Inter-American_Defense_Board_Medal_ribbon.svg,https://en.wikipedia.org/wiki/Inter-American_Defense_Board_Medal
us-ca-valour,CA Medal of Valour,-,-,CA-NG,292,State,0,https://en.wikipedia.org/wiki/California_National_Guard_Medal_of_Valor#/media/File:California_National_Guard_Medal_of_Valor_ribbon.png,https://en.wikipedia.org/wiki/California_National_Guard_Medal_of_Valor
us-expert-r,Expert Rifleman Medal,-,-,ALL,300,Skill,0,https://en.wikipedia.org/wiki/Marksmanship_Medal_(United_States)#/media/File:Marksmanship_Medal_ribbon.svg,https://en.wikipedia.org/wiki/Marksmanship_Medal_(United_States
us-expert-p,Expert Pistol Medal,-,-,ALL,301,Skill,0,https://en.wikipedia.org/wiki/Marksmanship_Medal_(United_States)#/media/File:Marksmanship_Medal_ribbon.svg,https://en.wikipedia.org/wiki/Marksmanship_Medal_(United_States
cw-jubilee-35,King George V Silver Jubilee,-,-,ALL,251,Jubilee,0,https://en.wikipedia.org/wiki/King_George_V_Silver_Jubilee_Medal#/media/File:King_George_V_Silver_Jubilee_Medal_ribbon.svg,https://en.wikipedia.org/wiki/King_George_V_Silver_Jubilee_Medal
cw-coron-37,King George VI Coronation,-,-,ALL,252,Jubilee,0,https://en.wikipedia.org/wiki/King_George_VI_Coronation_Medal#/media/File:King_George_VI_Coronation_Medal_ribbon.svg,https://en.wikipedia.org/wiki/King_George_VI_Coronation_Medal
cw-coron-53,QEII Coronation Medal,-,-,ALL,253,Jubilee,0,https://en.wikipedia.org/wiki/Queen_Elizabeth_II_Coronation_Medal#/media/File:Queen_Elizabeth_II_Coronation_Medal_ribbon.svg,https://en.wikipedia.org/wiki/Queen_Elizabeth_II_Coronation_Medal
can-125-anniv,Confederation 125 Medal,-,-,CAN,260,Commem,0,https://en.wikipedia.org/wiki/125th_Anniversary_of_the_Confederation_of_Canada_Medal#/media/File:125th_Anniversary_of_the_Confederation_of_Canada_Medal_ribbon.svg,https://en.wikipedia.org/wiki/125th_Anniversary_of_the_Confederation_of_Canada_Medal
can-cent-med,Canadian Centennial Medal,-,-,CAN,261,Commem,0,https://en.wikipedia.org/wiki/Canadian_Centennial_Medal#/media/File:Canadian_Centennial_Medal_ribbon.svg,https://en.wikipedia.org/wiki/Canadian_Centennial_Medal
us-lib-kuwait,Kuwait Liberation (Saudi),-,-,ALL,270,Foreign,20,https://en.wikipedia.org/wiki/Kuwait_Liberation_Medal_(Saudi_Arabia)#/media/File:Kuwait_Liberation_Medal_(Saudi_Arabia)_ribbon.svg,https://en.wikipedia.org/wiki/Kuwait_Liberation_Medal_(Saudi_Arabia
us-lib-kuw-k,Kuwait Liberation (Kuwait),-,-,ALL,271,Foreign,20,https://en.wikipedia.org/wiki/Kuwait_Liberation_Medal_(Kuwait)#/media/File:Kuwait_Liberation_Medal_(Kuwait)_ribbon.svg,https://en.wikipedia.org/wiki/Kuwait_Liberation_Medal_(Kuwait
int-mfo-medal,MFO Sinai Medal,MFO,-,ALL,275,Foreign,20,https://en.wikipedia.org/wiki/Multinational_Force_and_Observers_Medal#/media/File:Multinational_Force_and_Observers_Medal_ribbon.svg,https://en.wikipedia.org/wiki/Multinational_Force_and_Observers_Medal
int-oas-inter,OAS Inter-American Defense,-,-,ALL,280,Foreign,20,https://en.wikipedia.org/wiki/Inter-American_Defense_Board_Medal#/media/File:Inter-American_Defense_Board_Medal_ribbon.svg,https://en.wikipedia.org/wiki/Inter-American_Defense_Board_Medal
us-ca-valour,CA Medal of Valour,-,-,CA-NG,292,State,0,https://en.wikipedia.org/wiki/California_National_Guard_Medal_of_Valor#/media/File:California_National_Guard_Medal_of_Valor_ribbon.png,https://en.wikipedia.org/wiki/California_National_Guard_Medal_of_Valor
us-expert-r,Expert Rifleman Medal,-,-,ALL,300,Skill,0,https://en.wikipedia.org/wiki/Marksmanship_Medal_(United_States)#/media/File:Marksmanship_Medal_ribbon.svg,https://en.wikipedia.org/wiki/Marksmanship_Medal_(United_States
us-expert-p,Expert Pistol Medal,-,-,ALL,301,Skill,0,https://en.wikipedia.org/wiki/Marksmanship_Medal_(United_States)#/media/File:Marksmanship_Medal_ribbon.svg,https://en.wikipedia.org/wiki/Marksmanship_Medal_(United_States
us-army-nco,Army NCO Prof. Dev.,-,-,A,326,Service,0,https://en.wikipedia.org/wiki/NCO_Professional_Development_Ribbon#/media/File:NCO_Professional_Development_Ribbon.svg,https://en.wikipedia.org/wiki/NCO_Professional_Development_Ribbon
us-n-mc-os,Navy/MC Overseas Svc,-,-,NM,327,Service,0,https://en.wikipedia.org/wiki/Navy_and_Marine_Corps_Overseas_Service_Ribbon#/media/File:Navy_and_Marine_Corps_Overseas_Service_Ribbon.svg,https://en.wikipedia.org/wiki/Navy_and_Marine_Corps_Overseas_Service_Ribbon
us-af-training,AF Training Ribbon,-,-,F,330,Service,0,https://en.wikipedia.org/wiki/Air_Force_Training_Ribbon#/media/File:Air_Force_Training_Ribbon.svg,https://en.wikipedia.org/wiki/Air_Force_Training_Ribbon
us-n-rifle,Navy Rifle Marksmanship,-,-,N,340,Skill,0,https://en.wikipedia.org/wiki/Marksmanship_Ribbon#/media/File:Expert_Rifleman_Badge_ribbon.png,https://en.wikipedia.org/wiki/Marksmanship_Ribbon
us-n-pistol,Navy Pistol Marksmans.,-,-,N,341,Skill,0,https://en.wikipedia.org/wiki/Marksmanship_Ribbon#/media/File:Marksman_Pistol_Badge_ribbon.png,https://en.wikipedia.org/wiki/Marksmanship_Ribbon
us-cg-rifle,CG Rifle Marksmanship,-,-,CG,342,Skill,0,https://en.wikipedia.org/wiki/Marksmanship_Ribbon#/media/File:Marksman_Rifle_Badge_ribbon.png,https://en.wikipedia.org/wiki/Marksmanship_Ribbon
us-cg-pistol,CG Pistol Marksmans.,-,-,CG,343,Skill,0,https://en.wikipedia.org/wiki/Marksmanship_Ribbon#/media/File:Expert_Pistol_Shot_ribbon.png,https://en.wikipedia.org/wiki/Marksmanship_Ribbon
us-af-marks,AF Small Arms Expert,-,-,F,350,Skill,0,https://en.wikipedia.org/wiki/Small_Arms_Expert_Marksmanship_Ribbon#/media/File:Small_Arms_Expert_Marksmanship_Ribbon.svg,https://en.wikipedia.org/wiki/Small_Arms_Expert_Marksmanship_Ribbon
us-af-rec-rib,AF Recruiter Ribbon,-,-,F,351,Service,0,https://en.wikipedia.org/wiki/Air_Force_Recruiting_Ribbon#/media/File:Air_Force_Recruiting_Ribbon.svg,https://en.wikipedia.org/wiki/Air_Force_Recruiting_Ribbon
us-n-rec-rib,Navy Recruiter Ribbon,-,-,N,352,Service,0,https://en.wikipedia.org/wiki/Navy_Recruiting_Service_Ribbon#/media/File:Navy_Recruiting_Service_Ribbon.svg,https://en.wikipedia.org/wiki/Navy_Recruiting_Service_Ribbon
us-mc-rec-rib,MC Recruiter Ribbon,-,-,M,353,Service,0,https://en.wikipedia.org/wiki/Marine_Corps_Recruiting_Ribbon#/media/File:Marine_Corps_Recruiting_Ribbon.svg,https://en.wikipedia.org/wiki/Marine_Corps_Recruiting_Ribbon
us-cg-rec-rib,CG Recruiter Ribbon,-,-,CG,354,Service,0,https://en.wikipedia.org/wiki/Coast_Guard_Recruiter_Ribbon#/media/File:Coast_Guard_Recruiter_Ribbon.svg,https://en.wikipedia.org/wiki/Coast_Guard_Recruiter_Ribbon
us-army-inst,Army Instructor ID,-,-,A,355,Service,0,https://en.wikipedia.org/wiki/Army_Service_Ribbon#/media/File:Army_Service_Ribbon.svg,https://en.wikipedia.org/wiki/Army_Service_Ribbon
us-n-inst-rib,Navy Instructor Ribbon,-,-,N,356,Service,0,https://en.wikipedia.org/wiki/Navy_and_Marine_Corps_Overseas_Service_Ribbon#/media/File:Navy_and_Marine_Corps_Overseas_Service_Ribbon.svg,https://en.wikipedia.org/wiki/Navy_and_Marine_Corps_Overseas_Service_Ribbon
us-af-inst-rib,AF Instructor Ribbon,-,-,F,357,Service,0,https://en.wikipedia.org/wiki/Air_Force_Instruction_Ribbon#/media/File:Air_Force_Instruction_Ribbon.svg,https://en.wikipedia.org/wiki/Air_Force_Instruction_Ribbon
us-n-cer-rib,Navy Ceremonial Guard,-,-,N,360,Service,0,https://en.wikipedia.org/wiki/Navy_Ceremonial_Guard_Ribbon#/media/File:Navy_Ceremonial_Guard_Ribbon.svg,https://en.wikipedia.org/wiki/Navy_Ceremonial_Guard_Ribbon
us-mc-drill,MC Drill Instructor,-,-,M,361,Service,0,https://en.wikipedia.org/wiki/Marine_Corps_Drill_Instructor_Ribbon#/media/File:Marine_Corps_Drill_Instructor_Ribbon.svg,https://en.wikipedia.org/wiki/Marine_Corps_Drill_Instructor_Ribbon
us-mc-msg,MC Security Guard,-,-,M,362,Service,0,https://en.wikipedia.org/wiki/Marine_Corps_Security_Guard_Ribbon#/media/File:Marine_Corps_Security_Guard_Ribbon.svg,https://en.wikipedia.org/wiki/Marine_Corps_Security_Guard_Ribbon
us-army-nco-2,Army NCO Professional 2,-,-,A,365,Service,0,https://en.wikipedia.org/wiki/NCO_Professional_Development_Ribbon#/media/File:NCO_Professional_Development_Ribbon.svg,https://en.wikipedia.org/wiki/NCO_Professional_Development_Ribbon
us-army-nco-3,Army NCO Professional 3,-,-,A,366,Service,0,https://en.wikipedia.org/wiki/NCO_Professional_Development_Ribbon#/media/File:NCO_Professional_Development_Ribbon.svg,https://en.wikipedia.org/wiki/NCO_Professional_Development_Ribbon
us-ny-long-10,NY Long Service (10yr),-,-,NY-NG,371,State,0,https://en.wikipedia.org/wiki/California_National_Guard_Service_Ribbon#/media/File:California_National_Guard_Service_Ribbon.png,https://dmna.ny.gov/awards/?id=long
us-ny-long-15,NY Long Service (15yr),-,-,NY-NG,372,State,0,https://en.wikipedia.org/wiki/California_National_Guard_Service_Ribbon#/media/File:California_National_Guard_Service_Ribbon.png,https://dmna.ny.gov/awards/?id=long
us-fl-merit,FL Merit Award,-,-,FL-NG,386,State,0,https://en.wikipedia.org/wiki/Florida_National_Guard#/media/File:Florida_National_Guard_Service_Ribbon.png,https://en.wikipedia.org/wiki/Florida_National_Guard
us-oh-faithful,OH Faithful Service,-,-,OH-NG,390,State,0,https://en.wikipedia.org/wiki/Ohio_National_Guard#/media/File:Ohio_Commendation_Ribbon.png,https://en.wikipedia.org/wiki/Ohio_National_Guard
us-ga-merit,GA Merit Medal,-,-,GA-NG,395,State,0,https://en.wikipedia.org/wiki/Georgia_National_Guard#/media/File:Georgia_National_Guard_Service_Ribbon.png,https://en.wikipedia.org/wiki/Georgia_National_Guard
us-ma-svc,MA Service Medal,-,-,MA-NG,400,State,0,https://en.wikipedia.org/wiki/Massachusetts_National_Guard#/media/File:Massachusetts_National_Guard_Ribbon.png,https://en.wikipedia.org/wiki/Massachusetts_National_Guard
int-un-ts,UN Truce Supervision,UNTSO,-,ALL,401,Foreign,20,https://en.wikipedia.org/wiki/United_Nations_Truce_Supervision_Organization#/media/File:UNTSO_Medal_ribbon.gif,https://en.wikipedia.org/wiki/United_Nations_Truce_Supervision_Organization
int-un-mog,UN Military Observer,UNMOGIP,-,ALL,402,Foreign,20,https://en.wikipedia.org/wiki/United_Nations_Military_Observer_Group_in_India_and_Pakistan#/media/File:UNMOGIP_Medal_ribbon.gif,https://en.wikipedia.org/wiki/United_Nations_Military_Observer_Group_in_India_and_Pakistan
int-un-ef1,UN Emergency Force I,UNEF I,-,ALL,403,Foreign,20,https://en.wikipedia.org/wiki/United_Nations_Emergency_Force#/media/File:UNEF_Medal_ribbon.gif,https://en.wikipedia.org/wiki/United_Nations_Emergency_Force
int-un-oc,UN Op. in Congo,ONUC,-,ALL,404,Foreign,20,https://en.wikipedia.org/wiki/United_Nations_Operation_in_the_Congo#/media/File:ONUC_Medal_ribbon.gif,https://en.wikipedia.org/wiki/United_Nations_Operation_in_the_Congo
int-un-cy,UN Cyprus Mission,UNFICYP,-,ALL,405,Foreign,20,https://en.wikipedia.org/wiki/United_Nations_Peacekeeping_Force_in_Cyprus#/media/File:UNFICYP_Medal_ribbon.gif,https://en.wikipedia.org/wiki/United_Nations_Peacekeeping_Force_in_Cyprus
int-un-ef2,UN Emergency Force II,UNEF II,-,ALL,406,Foreign,20,https://en.wikipedia.org/wiki/United_Nations_Emergency_Force#/media/File:UNEF_Medal_ribbon.gif,https://en.wikipedia.org/wiki/United_Nations_Emergency_Force
int-un-dis,UN Disengagement Obs.,UNDOF,-,ALL,407,Foreign,20,https://en.wikipedia.org/wiki/United_Nations_Disengagement_Observer_Force#/media/File:UNDOF_Medal_ribbon.gif,https://en.wikipedia.org/wiki/United_Nations_Disengagement_Observer_Force
int-un-ifil,UN Interim Lebanon,UNIFIL,-,ALL,408,Foreign,20,https://en.wikipedia.org/wiki/United_Nations_Interim_Force_in_Lebanon#/media/File:UNIFIL_Medal_ribbon.gif,https://en.wikipedia.org/wiki/United_Nations_Interim_Force_in_Lebanon
int-un-irq,UN Iraq-Iran Obs.,UNIIMOG,-,ALL,409,Foreign,20,https://en.wikipedia.org/wiki/United_Nations_Iran%E2%80%93Iraq_Military_Observer_Group#/media/File:UNIIMOG_Medal_ribbon.gif,https://en.wikipedia.org/wiki/United_Nations_Iran%E2%80%93Iraq_Military_Observer_Group
int-un-nam,UN Namibia Mission,UNTAG,-,ALL,410,Foreign,20,https://en.wikipedia.org/wiki/United_Nations_Transition_Assistance_Group#/media/File:UNTAG_Medal_ribbon.gif,https://en.wikipedia.org/wiki/United_Nations_Transition_Assistance_Group
int-un-saf,UN Central America,ONUCA,-,ALL,411,Foreign,20,https://en.wikipedia.org/wiki/United_Nations_Observer_Group_in_Central_America#/media/File:ONUCA_Medal_ribbon.gif,https://en.wikipedia.org/wiki/United_Nations_Observer_Group_in_Central_America
int-un-kuw,UN Iraq-Kuwait Obs.,UNIKOM,-,ALL,412,Foreign,20,https://en.wikipedia.org/wiki/United_Nations_Iraq%E2%80%93Kuwait_Observation_Mission#/media/File:UNIKOM_Medal_ribbon.gif,https://en.wikipedia.org/wiki/United_Nations_Iraq%E2%80%93Kuwait_Observation_Mission
int-un-som,UN Somalia Mission,UNOSOM,-,ALL,413,Foreign,20,https://en.wikipedia.org/wiki/United_Nations_Operation_in_Somalia_I#/media/File:UNOSOM_Medal_ribbon.gif,https://en.wikipedia.org/wiki/United_Nations_Operation_in_Somalia_I
int-un-moz,UN Mozambique,ONUMOZ,-,ALL,414,Foreign,20,https://en.wikipedia.org/wiki/United_Nations_Operation_in_Mozambique#/media/File:ONUMOZ_Medal_ribbon.gif,https://en.wikipedia.org/wiki/United_Nations_Operation_in_Mozambique
int-un-rwa,UN Rwanda Mission,UNAMIR,-,ALL,415,Foreign,20,https://en.wikipedia.org/wiki/United_Nations_Assistance_Mission_for_Rwanda#/media/File:UNAMIR_Medal_ribbon.gif,https://en.wikipedia.org/wiki/United_Nations_Assistance_Mission_for_Rwanda
int-un-hai,UN Haiti Mission,UNMIH,-,ALL,416,Foreign,20,https://en.wikipedia.org/wiki/United_Nations_Mission_in_Haiti#/media/File:UNMIH_Medal_ribbon.gif,https://en.wikipedia.org/wiki/United_Nations_Mission_in_Haiti
int-un-bos,UN Bosnia & Herz.,UNMIBH,-,ALL,417,Foreign,20,https://en.wikipedia.org/wiki/United_Nations_Mission_in_Bosnia_and_Herzegovina#/media/File:UNMIBH_Medal_ribbon.gif,https://en.wikipedia.org/wiki/United_Nations_Mission_in_Bosnia_and_Herzegovina
int-un-sierra,UN Sierra Leone,UNAMSIL,-,ALL,418,Foreign,20,https://en.wikipedia.org/wiki/United_Nations_Mission_in_Sierra_Leone#/media/File:UNAMSIL_Medal_ribbon.gif,https://en.wikipedia.org/wiki/United_Nations_Mission_in_Sierra_Leone
int-un-timor,UN East Timor,UNTAET,-,ALL,419,Foreign,20,https://en.wikipedia.org/wiki/United_Nations_Transitional_Administration_in_East_Timor#/media/File:UNTAET_Medal_ribbon.gif,https://en.wikipedia.org/wiki/United_Nations_Transitional_Administration_in_East_Timor
int-un-eth,UN Ethiopia/Eritrea,UNMEE,-,ALL,420,Foreign,20,https://en.wikipedia.org/wiki/United_Nations_Mission_in_Ethiopia_and_Eritrea#/media/File:UNMEE_Medal_ribbon.gif,https://en.wikipedia.org/wiki/United_Nations_Mission_in_Ethiopia_and_Eritrea
int-nato-afg,NATO Non-Article 5 (ISAF),ISAF,-,ALL,421,Foreign,20,https://en.wikipedia.org/wiki/NATO_Medal#/media/File:NATO_Medal_ribbon_(Article_5).svg,https://en.wikipedia.org/wiki/NATO_Medal
int-nato-iraq,NATO Training (Iraq),NTM-I,-,ALL,422,Foreign,20,https://en.wikipedia.org/wiki/NATO_Medal#/media/File:NATO_Medal_ribbon.svg,https://en.wikipedia.org/wiki/NATO_Medal
int-nato-africa,NATO Africa Mission,-,-,ALL,423,Foreign,20,https://en.wikipedia.org/wiki/NATO_Medal#/media/File:NATO_Medal_ribbon.svg,https://en.wikipedia.org/wiki/NATO_Medal
int-nato-res,NATO Resolute Support,-,-,ALL,424,Foreign,20,https://en.wikipedia.org/wiki/NATO_Medal#/media/File:NATO_Medal_ribbon.svg,https://en.wikipedia.org/wiki/NATO_Medal
int-nato-sea,NATO Sea Guardian,-,-,ALL,425,Foreign,20,https://en.wikipedia.org/wiki/NATO_Medal#/media/File:NATO_Medal_ribbon.svg,https://en.wikipedia.org/wiki/NATO_Medal
int-un-ss,UN South Sudan,UNMISS,-,ALL,431,Foreign,20,https://en.wikipedia.org/wiki/United_Nations_Mission_in_South_Sudan#/media/File:UNMISS_Medal_ribbon.gif,https://en.wikipedia.org/wiki/United_Nations_Mission_in_South_Sudan
int-un-ml,UN Mali Mission,MINUSMA,-,ALL,432,Foreign,20,https://en.wikipedia.org/wiki/MINUSMA#/media/File:MINUSMA_Medal_ribbon.gif,https://en.wikipedia.org/wiki/MINUSMA
int-un-car,UN Central African Rep.,MINUSCA,-,ALL,433,Foreign,20,https://en.wikipedia.org/wiki/MINUSCA#/media/File:MINUSCA_Medal_ribbon.gif,https://en.wikipedia.org/wiki/MINUSCA
int-un-syr,UN Syria Supervision,UNSMIS,-,ALL,434,Foreign,20,https://en.wikipedia.org/wiki/United_Nations_Supervision_Mission_in_Syria#/media/File:UNSMIS_Medal_ribbon.gif,https://en.wikipedia.org/wiki/United_Nations_Supervision_Mission_in_Syria
int-mfo-sinai,MFO Sinai Medal,MFO,-,ALL,435,Foreign,20,https://en.wikipedia.org/wiki/Multinational_Force_and_Observers_Medal#/media/File:Multinational_Force_and_Observers_Medal_ribbon.svg,https://en.wikipedia.org/wiki/Multinational_Force_and_Observers_Medal
int-oas-def,Inter-American Defense,IADB,-,ALL,436,Foreign,20,https://en.wikipedia.org/wiki/Inter-American_Defense_Board_Medal#/media/File:Inter-American_Defense_Board_Medal_ribbon.svg,https://en.wikipedia.org/wiki/Inter-American_Defense_Board_Medal
int-asean,ASEAN Peacekeeping,-,-,ALL,437,Foreign,20,https://en.wikipedia.org/wiki/United_Nations_Medal#/media/File:UN_Medal_UNEF_ribbon_bar.svg,https://en.wikipedia.org/wiki/ASEAN
us-ph-lib-m,Philippine Liberty Medal,-,-,ALL,440,Foreign,20,https://en.wikipedia.org/wiki/Philippine_Liberation_Medal#/media/File:Philippine_Liberation_Medal_ribbon.svg,https://en.wikipedia.org/wiki/Philippine_Liberation_Medal
us-ph-ind-m,Philippine Indep. Medal,-,-,ALL,441,Foreign,20,https://en.wikipedia.org/wiki/Philippine_Independence_Medal#/media/File:Philippine_Independence_Medal_ribbon.svg,https://en.wikipedia.org/wiki/Philippine_Independence_Medal
us-ph-pres-u,Philippine Presidential Unit,-,-,ALL,442,Foreign,20,https://en.wikipedia.org/wiki/Philippine_Presidential_Unit_Citation#/media/File:Philippine_Presidential_Unit_Citation_ribbon.svg,https://en.wikipedia.org/wiki/Philippine_Presidential_Unit_Citation
int-rok-pres,ROK Presidential Unit,-,-,ALL,443,Foreign,20,https://en.wikipedia.org/wiki/Republic_of_Korea_Presidential_Unit_Citation#/media/File:Republic_of_Korea_Presidential_Unit_Citation_ribbon.svg,https://en.wikipedia.org/wiki/Republic_of_Korea_Presidential_Unit_Citation
int-vnm-pres,Vietnam Presidential Unit,-,-,ALL,444,Foreign,20,https://en.wikipedia.org/wiki/Vietnam_Presidential_Unit_Citation#/media/File:Vietnam_Presidential_Unit_Citation_ribbon.svg,https://en.wikipedia.org/wiki/Vietnam_Presidential_Unit_Citation
int-vnm-gall,Vietnam Gallantry Cross Unit,-,-,ALL,445,Foreign,20,https://en.wikipedia.org/wiki/Gallantry_Cross_(South_Vietnam)#/media/File:Vietnam_Gallantry_Cross_ribbon.svg,https://en.wikipedia.org/wiki/Gallantry_Cross_(South_Vietnam
us-army-svc,Army Service Ribbon,ASR,-,A,448,Service,0,https://en.wikipedia.org/wiki/Army_Service_Ribbon#/media/File:Army_Service_Ribbon.svg,https://en.wikipedia.org/wiki/Army_Service_Ribbon
us-af-train,AF Training Ribbon,-,-,F,449,Service,0,https://en.wikipedia.org/wiki/Air_Force_Training_Ribbon#/media/File:Air_Force_Training_Ribbon.svg,https://en.wikipedia.org/wiki/Air_Force_Training_Ribbon
us-n-mc-os,Navy/MC Overseas Service,-,-,NM,450,Service,0,https://en.wikipedia.org/wiki/Navy_and_Marine_Corps_Overseas_Service_Ribbon#/media/File:Navy_and_Marine_Corps_Overseas_Service_Ribbon.svg,https://en.wikipedia.org/wiki/Navy_and_Marine_Corps_Overseas_Service_Ribbon
us-af-puc,AF Presidential Unit,AFPUC,-,F,451,Unit,0,https://en.wikipedia.org/wiki/Presidential_Unit_Citation_(United_States)#/media/File:Presidential_Unit_Citation_ribbon.svg,https://en.wikipedia.org/wiki/Presidential_Unit_Citation_(United_States
us-af-vua,AF Valorous Unit,AFVUA,-,F,452,Unit,0,https://en.wikipedia.org/wiki/Valorous_Unit_Award#/media/File:Valorous_Unit_Award_ribbon.svg,https://en.wikipedia.org/wiki/Valorous_Unit_Award
us-af-muc,AF Meritorious Unit,AFMUC,-,F,453,Unit,0,https://en.wikipedia.org/wiki/Meritorious_Unit_Commendation#/media/File:Meritorious_Unit_Commendation_ribbon.svg,https://en.wikipedia.org/wiki/Meritorious_Unit_Commendation
us-af-oee,AF Org. Excellence,AFOEA,-,F,454,Unit,0,https://en.wikipedia.org/wiki/Air_Force_Organizational_Excellence_Award#/media/File:Air_Force_Organizational_Excellence_Award_ribbon.svg,https://en.wikipedia.org/wiki/Air_Force_Organizational_Excellence_Award
us-cg-puc,CG Presidential Unit,CGPUC,-,CG,455,Unit,0,https://en.wikipedia.org/wiki/Presidential_Unit_Citation_(United_States)#/media/File:Presidential_Unit_Citation_ribbon.svg,https://en.wikipedia.org/wiki/Presidential_Unit_Citation_(United_States
us-cg-mua,CG Meritorious Unit,CGMU,-,CG,456,Unit,0,https://en.wikipedia.org/wiki/Coast_Guard_Meritorious_Unit_Commendation#/media/File:Coast_Guard_Meritorious_Unit_Commendation_ribbon.svg,https://en.wikipedia.org/wiki/Coast_Guard_Meritorious_Unit_Commendation
us-cg-e-rib,CG E Ribbon,-,-,CG,457,Unit,0,https://en.wikipedia.org/wiki/Coast_Guard_E_Ribbon#/media/File:Coast_Guard_E_Ribbon.svg,https://en.wikipedia.org/wiki/Coast_Guard_E_Ribbon
us-n-e-rib,Navy E Ribbon,-,-,N,458,Unit,0,https://en.wikipedia.org/wiki/Battle_Effectiveness_Award#/media/File:Battle_Efficiency_Award_ribbon.svg,https://en.wikipedia.org/wiki/Battle_Effectiveness_Award
us-mc-puc,MC Presidential Unit,MCPUC,-,M,459,Unit,0,https://en.wikipedia.org/wiki/Presidential_Unit_Citation_(United_States)#/media/File:Presidential_Unit_Citation_ribbon.svg,https://en.wikipedia.org/wiki/Presidential_Unit_Citation_(United_States
us-mc-muc,MC Meritorious Unit,MCMUC,-,M,460,Unit,0,https://en.wikipedia.org/wiki/Meritorious_Unit_Commendation#/media/File:Meritorious_Unit_Commendation_ribbon.svg,https://en.wikipedia.org/wiki/Meritorious_Unit_Commendation
int-vnm-svc,VNM Service Medal,-,-,ALL,461,Foreign,20,https://en.wikipedia.org/wiki/Vietnam_Service_Medal#/media/File:Vietnam_Service_Medal_ribbon.svg,https://en.wikipedia.org/wiki/Vietnam_Service_Medal
int-vnm-camp,VNM Campaign Medal,-,-,ALL,462,Foreign,20,https://en.wikipedia.org/wiki/Vietnam_Campaign_Medal#/media/File:Vietnam_Campaign_Medal_ribbon.svg,https://en.wikipedia.org/wiki/Vietnam_Campaign_Medal
us-af-tng-r,AF Training Ribbon,-,-,F,465,Service,0,https://en.wikipedia.org/wiki/Air_Force_Training_Ribbon#/media/File:Air_Force_Training_Ribbon.svg,https://en.wikipedia.org/wiki/Air_Force_Training_Ribbon
us-army-nco-4,Army NCO Prof-4,-,-,A,468,Service,0,https://en.wikipedia.org/wiki/NCO_Professional_Development_Ribbon#/media/File:NCO_Professional_Development_Ribbon.svg,https://en.wikipedia.org/wiki/NCO_Professional_Development_Ribbon
us-army-nco-5,Army NCO Prof-5,-,-,A,469,Service,0,https://en.wikipedia.org/wiki/NCO_Professional_Development_Ribbon#/media/File:NCO_Professional_Development_Ribbon.svg,https://en.wikipedia.org/wiki/NCO_Professional_Development_Ribbon
us-army-nco-6,Army NCO Prof-6,-,-,A,470,Service,0,https://en.wikipedia.org/wiki/NCO_Professional_Development_Ribbon#/media/File:NCO_Professional_Development_Ribbon.svg,https://en.wikipedia.org/wiki/NCO_Professional_Development_Ribbon
us-n-rifle-e,Navy Rifle Expert,-,-,N,471,Skill,0,https://en.wikipedia.org/wiki/Marksmanship_Medal_(United_States)#/media/File:Marksmanship_Medal_ribbon.svg,https://en.wikipedia.org/wiki/Marksmanship_Medal_(United_States
us-n-pistol-e,Navy Pistol Expert,-,-,N,472,Skill,0,https://en.wikipedia.org/wiki/Marksmanship_Medal_(United_States)#/media/File:Marksmanship_Medal_ribbon.svg,https://en.wikipedia.org/wiki/Marksmanship_Medal_(United_States
us-cg-rifle-e,CG Rifle Expert,-,-,CG,473,Skill,0,https://en.wikipedia.org/wiki/Marksmanship_Medal_(United_States)#/media/File:Marksmanship_Medal_ribbon.svg,https://en.wikipedia.org/wiki/Marksmanship_Medal_(United_States
us-cg-pistol-e,CG Pistol Expert,-,-,CG,474,Skill,0,https://en.wikipedia.org/wiki/Marksmanship_Medal_(United_States)#/media/File:Marksmanship_Medal_ribbon.svg,https://en.wikipedia.org/wiki/Marksmanship_Medal_(United_States
int-inter-am,Inter-American Defense,-,-,ALL,475,Foreign,20,https://en.wikipedia.org/wiki/Inter-American_Defense_Board_Medal#/media/File:Inter-American_Defense_Board_Medal_ribbon.svg,https://en.wikipedia.org/wiki/Inter-American_Defense_Board_Medal
int-mult-force,Multinational Force Medal,MFO,-,ALL,476,Foreign,20,https://en.wikipedia.org/wiki/Multinational_Force_and_Observers_Medal#/media/File:Multinational_Force_and_Observers_Medal_ribbon.svg,https://en.wikipedia.org/wiki/Multinational_Force_and_Observers_Medal
int-iadb-med,IADB Medal,-,-,ALL,477,Foreign,20,https://en.wikipedia.org/wiki/Inter-American_Defense_Board_Medal#/media/File:Inter-American_Defense_Board_Medal_ribbon.svg,https://en.wikipedia.org/wiki/Inter-American_Defense_Board_Medal
us-army-nco-6,Army NCO Prof-6,-,-,A,480,Service,0,https://en.wikipedia.org/wiki/NCO_Professional_Development_Ribbon#/media/File:NCO_Professional_Development_Ribbon.svg,https://en.wikipedia.org/wiki/NCO_Professional_Development_Ribbon
us-af-pme-grad,AF PME Graduate,-,-,F,481,Service,0,https://en.wikipedia.org/wiki/Air_Force_PME_Graduate_Ribbon#/media/File:Air_Force_PME_Graduate_Ribbon.svg,https://en.wikipedia.org/wiki/Air_Force_PME_Graduate_Ribbon
us-af-honor-g,AF Honor Guard,-,-,F,482,Service,0,https://en.wikipedia.org/wiki/Air_Force_Honor_Guard_Ribbon#/media/File:Air_Force_Honor_Guard_Ribbon.svg,https://en.wikipedia.org/wiki/Air_Force_Honor_Guard_Ribbon
us-n-rec-rib,Navy Recruiter Ribbon,-,-,N,483,Service,0,https://en.wikipedia.org/wiki/Navy_Recruiting_Service_Ribbon#/media/File:Navy_Recruiting_Service_Ribbon.svg,https://en.wikipedia.org/wiki/Navy_Recruiting_Service_Ribbon
us-mc-rec-rib,MC Recruiter Ribbon,-,-,M,484,Service,0,https://en.wikipedia.org/wiki/Marine_Corps_Recruiting_Ribbon#/media/File:Marine_Corps_Recruiting_Ribbon.svg,https://en.wikipedia.org/wiki/Marine_Corps_Recruiting_Ribbon
us-af-rec-rib,AF Recruiter Ribbon,-,-,F,485,Service,0,https://en.wikipedia.org/wiki/Air_Force_Recruiting_Ribbon#/media/File:Air_Force_Recruiting_Ribbon.svg,https://en.wikipedia.org/wiki/Air_Force_Recruiting_Ribbon
us-cg-rec-rib,CG Recruiter Ribbon,-,-,CG,486,Service,0,https://en.wikipedia.org/wiki/Coast_Guard_Recruiter_Ribbon#/media/File:Coast_Guard_Recruiter_Ribbon.svg,https://en.wikipedia.org/wiki/Coast_Guard_Recruiter_Ribbon
us-n-inst-rib,Navy Instructor Ribbon,-,-,N,487,Service,0,https://en.wikipedia.org/wiki/Navy_and_Marine_Corps_Overseas_Service_Ribbon#/media/File:Navy_and_Marine_Corps_Overseas_Service_Ribbon.svg,https://en.wikipedia.org/wiki/Navy_and_Marine_Corps_Overseas_Service_Ribbon
us-mc-drill-i,MC Drill Instructor,-,-,M,488,Service,0,https://en.wikipedia.org/wiki/Marine_Corps_Drill_Instructor_Ribbon#/media/File:Marine_Corps_Drill_Instructor_Ribbon.svg,https://en.wikipedia.org/wiki/Marine_Corps_Drill_Instructor_Ribbon
us-mc-sec-g,MC Security Guard,-,-,M,489,Service,0,https://en.wikipedia.org/wiki/Marine_Corps_Security_Guard_Ribbon#/media/File:Marine_Corps_Security_Guard_Ribbon.svg,https://en.wikipedia.org/wiki/Marine_Corps_Security_Guard_Ribbon
us-n-cer-guard,Navy Ceremonial Guard,-,-,N,490,Service,0,https://en.wikipedia.org/wiki/Navy_Ceremonial_Guard_Ribbon#/media/File:Navy_Ceremonial_Guard_Ribbon.svg,https://en.wikipedia.org/wiki/Navy_Ceremonial_Guard_Ribbon
us-af-basic-t,AF Basic Training,-,-,F,495,Service,0,https://en.wikipedia.org/wiki/Air_Force_Training_Ribbon#/media/File:Air_Force_Training_Ribbon.svg,https://en.wikipedia.org/wiki/Air_Force_Training_Ribbon
us-army-svc-r,Army Service Ribbon,ASR,-,A,496,Service,0,https://en.wikipedia.org/wiki/Army_Service_Ribbon#/media/File:Army_Service_Ribbon.svg,https://en.wikipedia.org/wiki/Army_Service_Ribbon
us-n-mc-os-r,Navy/MC Overseas Svc,-,-,NM,497,Service,0,https://en.wikipedia.org/wiki/Navy_and_Marine_Corps_Overseas_Service_Ribbon#/media/File:Navy_and_Marine_Corps_Overseas_Service_Ribbon.svg,https://en.wikipedia.org/wiki/Navy_and_Marine_Corps_Overseas_Service_Ribbon
us-af-os-short,AF Overseas (Short),-,-,F,498,Service,0,https://en.wikipedia.org/wiki/Air_Force_Overseas_Ribbon#/media/File:Air_Force_Overseas_Ribbon_Long_Tour.svg,https://en.wikipedia.org/wiki/Air_Force_Overseas_Ribbon
us-af-os-long,AF Overseas (Long),-,-,F,499,Service,0,https://en.wikipedia.org/wiki/Air_Force_Overseas_Ribbon#/media/File:Air_Force_Overseas_Ribbon_Short_Tour.svg,https://en.wikipedia.org/wiki/Air_Force_Overseas_Ribbon
us-army-os-r,Army Overseas Svc,OSR,-,A,500,Service,0,https://en.wikipedia.org/wiki/Overseas_Service_Ribbon#/media/File:Overseas_Service_Ribbon.svg,https://en.wikipedia.org/wiki/Overseas_Service_Ribbon
ind-iom-1,Indian Order of Merit (1st),IOM,-,IND,40,Valor,75,https://en.wikipedia.org/wiki/Indian_Order_of_Merit#/media/File:Lint_Indische_Orde_van_Verdienste_Indian_Order_of_Merit.jpg,https://en.wikipedia.org/wiki/Indian_Order_of_Merit
ind-idsm,Indian Dist. Service Medal,IDSM,-,IND,95,Valor,75,https://en.wikipedia.org/wiki/Indian_Distinguished_Service_Medal#/media/File:Indian_Distinguished_Service_Medal.png,https://en.wikipedia.org/wiki/Indian_Distinguished_Service_Medal
ind-igs-1854,India General Service 1854,IGS,Clasp Magnet,IND/UK,505,Campaign,25,https://en.wikipedia.org/wiki/India_General_Service_Medal_(1854)#/media/File:India_General_Service_Medal_1854_BAR.svg,https://en.wikipedia.org/wiki/India_General_Service_Medal_(1854)
ind-igs-1895,India General Service 1895,IGS,-,IND/UK,506,Campaign,25,https://en.wikipedia.org/wiki/India_Medal#/media/File:India_Medal_BAR.svg,https://en.wikipedia.org/wiki/India_Medal
ind-mutiny,Indian Mutiny Medal,-,-,IND/UK,510,Campaign,25,https://en.wikipedia.org/wiki/Indian_Mutiny_Medal#/media/File:Indian_Mutiny_Medal_BAR.svg,https://en.wikipedia.org/wiki/Indian_Mutiny_Medal
cw-qsa-boer,Queen's South Africa,QSA,Boer Medal,ALL,520,Campaign,25,https://en.wikipedia.org/wiki/Queen%27s_South_Africa_Medal#/media/File:Ribbon_bar_of_the_Queen's_South_Africa_Medal.svg,https://en.wikipedia.org/wiki/Queen%27s_South_Africa_Medal
cw-ksa-boer,King's South Africa,KSA,-,ALL,521,Campaign,25,https://en.wikipedia.org/wiki/King%27s_South_Africa_Medal#/media/File:Kings_South_Africa_Medal_BAR.svg,https://en.wikipedia.org/wiki/King%27s_South_Africa_Medal
aus-star-gal,Star of Gallantry,SG,-,AUS,45,Valor,75,https://en.wikipedia.org/wiki/Star_of_Gallantry#/media/File:SGAustRibbon.png,https://en.wikipedia.org/wiki/Star_of_Gallantry
aus-medal-gal,Medal for Gallantry,MG,-,AUS,85,Valor,75,https://en.wikipedia.org/wiki/Medal_for_Gallantry#/media/File:MGAustRibbon.png,https://en.wikipedia.org/wiki/Medal_for_Gallantry
aus-adm-med,Australian Defence Medal,ADM,-,AUS,215,Service,0,https://en.wikipedia.org/wiki/Australian_Defence_Medal#/media/File:Australian_Defence_Medal_(Australia)_ribbon.png,https://en.wikipedia.org/wiki/Australian_Defence_Medal
nz-cross-gal,New Zealand Cross,NZC,-,NZ,5,Valor,100,https://en.wikipedia.org/wiki/Victoria_Cross_for_New_Zealand#/media/File:UK_Victoria_Cross_ribbon_bar.svg,https://en.wikipedia.org/wiki/Victoria_Cross_for_New_Zealand
nz-wars-med,New Zealand War Medal,-,-,NZ/UK,530,Campaign,25,https://en.wikipedia.org/wiki/New_Zealand_War_Medal#/media/File:New_Zealand_Medal_BAR.svg,https://en.wikipedia.org/wiki/New_Zealand_War_Medal
nz-osm-modern,NZ Operational Service,NZOSM,-,NZ,535,Campaign,25,https://en.wikipedia.org/wiki/New_Zealand_Operational_Service_Medal#/media/File:New_Zealand_Operational_Service_Medal_ribbon.png,https://en.wikipedia.org/wiki/New_Zealand_Operational_Service_Medal
can-sacrifice,Sacrifice Medal,-,Cdn Purple H,CAN,104,Service,0,https://en.wikipedia.org/wiki/Sacrifice_Medal#/media/File:CAN_Ribbon_bar_of_the_Sacrifice_Medal.svg,https://en.wikipedia.org/wiki/Sacrifice_Medal
can-smv-star,Star of Military Valour,SMV,-,CAN,42,Valor,75,https://en.wikipedia.org/wiki/Star_of_Military_Valour#/media/File:CAN_Star_of_Military_Valour_BAR.svg,https://en.wikipedia.org/wiki/Star_of_Military_Valour
can-mmv-med,Medal of Military Valour,MMV,-,CAN,82,Valor,75,https://en.wikipedia.org/wiki/Medal_of_Military_Valour#/media/File:CAN_Medal_of_Military_Valour_BAR.svg,https://en.wikipedia.org/wiki/Medal_of_Military_Valour
can-gcs-swa,General Campaign Star,GCS,SWA Star,CAN,135,Campaign,0,https://en.wikipedia.org/wiki/General_Campaign_Star#/media/File:CAN_General_Campaign_Star_ALLIED_FORCE_(GCS-AF).png,https://en.wikipedia.org/wiki/General_Campaign_Star
cw-dcm-legacy,Dist. Conduct Medal,DCM,-,UK/CW,66,Valor,75,https://en.wikipedia.org/wiki/Distinguished_Conduct_Medal#/media/File:Ribbon_-_Distinguished_Conduct_Medal.png,https://en.wikipedia.org/wiki/Distinguished_Conduct_Medal
cw-mm-legacy,Military Medal,MM,-,UK/CW,88,Valor,75,https://en.wikipedia.org/wiki/Military_Medal#/media/File:UK_Military_Medal_ribbon.svg,https://en.wikipedia.org/wiki/Military_Medal
